{"cameraMode":{"drawMode":0,"name":"Shaded","section":"Shading Mode"},"sceneLighting":false,"audioPlay":false,"sceneViewState":{"showFog":true,"showMaterialUpdate":false,"showSkybox":false,"showFlares":true,"showImageEffects":true,"showParticleSystems":true},"in2DMode":false,"pivot":{"x":-4.539373397827148,"y":10.845804214477539,"z":-3.9533557891845705},"rotation":{"x":-0.0028120719362050297,"y":-0.9815163612365723,"z":0.19081152975559236,"w":-0.014451202005147934},"size":14.204058647155762,"orthographic":false}